Cement,Water,FineAggregate,CoarseAggregate,PET_%,w/c ratio,CS_7d,CS_28d
400.0,192.0,610.0,841.0,0.0,0.48,28.98,40.8
400.0,192.0,549.0,841.0,10.0,0.48,21.0,28.88
400.0,192.0,522.0,841.0,20.0,0.48,20.46,25.7
400.0,192.0,427.0,841.0,30.0,0.48,17.4,18.34
400.0,192.0,366.0,841.0,40.0,0.48,10.4,16.39
400.0,192.0,549.0,841.0,10.0,0.48,20.08,33.04
400.0,192.0,522.0,841.0,20.0,0.48,20.81,24.89
400.0,192.0,427.0,841.0,30.0,0.48,10.62,23.55
400.0,192.0,366.0,841.0,40.0,0.48,14.81,18.98
397.4908023769473,196.50714306409915,619.2797576724562,844.9463393678815,1.0,0.4445832752853591,26.661454612081148,40.467470958441474
396.67417222278044,188.42866817921941,555.0355389179541,823.256463161084,10.0,0.42123391106782765,19.663664862269822,27.051344448913433
396.08484485919075,192.24756431632238,519.2778007456847,832.6491656079216,21.0,0.43998609717152554,18.604955893870116,28.135103366845097
394.6554268086061,187.90606434532822,431.7354403733235,836.2984796506865,29.0,0.4046450412719998,17.774256084617004,17.131482485684987
391.3010318597056,196.48885537253332,384.62528132298235,853.3358939246584,39.0,0.40159662522202144,9.84025915729407,15.541081477633268
403.66527037650917,193.09996657782622,562.3277964694465,827.9345861403109,9.0,0.4258779981600017,20.73268949396559,31.79578679079883
400.40136042355624,192.4671027934328,509.3941782210211,859.7833851105823,20.0,0.4449754133369766,20.37361528223955,27.013907833921508
404.5454399171284,190.26540768805836,429.817758976216,841.833370401033,30.0,0.43253303307632646,10.383550563300458,22.473053939655053
406.5747501830386,190.5675332669359,357.23738038749525,842.7078433263299,39.0,0.42962735057040824,13.818520673504613,17.141355799989572
398.4680296141274,190.9488151817557,601.7395269887215,821.5631929086034,1.0,0.4706857343847617,30.307325545965565,43.013566028957314
391.4808930346818,190.58465728544272,533.6347623810052,855.5241370350237,10.0,0.4095410116490411,20.45743665923272,29.855227075384995
403.31844713234995,192.91297787707728,512.9888717196026,843.449737033908,21.0,0.41195942459383017,21.332597669316495,27.04043514989085
401.2255439513899,194.70967179954562,426.7518238545756,841.9093131752797,31.0,0.4110890820811831,17.18889102649288,17.245906034166236
407.9152719134704,191.7537022318211,368.53102287905534,848.8206434570451,39.0,0.4249292229148875,10.213596479914111,17.227696632144113
394.57596330983245,187.76979909828793,540.5900581165507,827.4488514901602,10.0,0.46243540481337936,19.25926488232426,30.433106068958427
399.1306914096582,189.18440437216833,518.6603979148147,856.3312103567547,20.0,0.41220879547006734,20.21191160207637,26.91519198201477
395.4426449876927,193.4769012054136,407.0208150798126,835.1027542533668,31.0,0.40069521305311906,10.64282727067475,23.161005824830752
394.44215620941463,188.19865367333682,359.50460685614513,858.7163881565008,40.0,0.421876421957307,14.982098129975366,18.614962105336325
391.2978449421796,189.53915413934345,599.875042513544,848.8521709135915,1.0,0.43008783098167697,27.732935505411803,37.02099749041299
402.19128667959797,192.02679023228862,531.0591500499995,832.1458585694645,9.0,0.4634351344701364,21.758962896530022,29.058678153239782
398.95566329146186,192.52893089071327,525.7078689551757,824.2341330533086,21.0,0.4242159938277426,21.700447883106534,25.547345261052637
409.66846281789685,190.98824442444553,439.65727492877534,852.933804999382,29.0,0.4320780064971736,16.309084416191492,16.655563219222874
401.81785886376485,193.77564361842283,346.66351315711427,841.4837223319712,41.0,0.43486659872917294,9.560047226270155,17.834035260996924
397.9514404217504,192.1775135052748,562.5084042362931,848.0276046815712,9.0,0.41134735212405893,21.785569571006707,35.53345844714152
395.1588325543031,193.5998404603418,534.6888880080486,843.2080324639785,19.0,0.4241852290900452,19.11649371960815,26.86734004309166
408.0083611432666,193.33101457273267,420.561191641948,834.9683829845064,31.0,0.48563242918780924,10.41717526200753,25.37639716516412
407.01856897535026,196.35634994220948,377.41362604455776,847.7595301885691,40.0,0.400919705161663,13.629558709969189,19.60065271553418
390.1012316769244,188.608080514175,611.9493515746634,848.6758079077077,0.0,0.422426930946056,30.20979076693032,38.65595255397389
396.50799396318536,194.46491405118024,554.9853159618885,854.9689364197671,9.0,0.43080607918523894,21.178668968330577,28.930910107820676
402.7266523637179,189.50461818605584,525.5948339024218,860.1557143310004,21.0,0.48920465551771136,20.9966192575808,27.215330100204074
400.05274186210386,192.76903884626358,426.70070775275457,828.8097195119218,29.0,0.4499193379884752,17.650574613247958,19.32505612447554
390.8720754350887,196.94550510797342,364.7977805596377,832.1824136718703,40.0,0.43701587002554443,9.392149762380045,17.79402824816257
398.5636829663463,196.66654819043669,567.5447990835701,855.1203782186944,11.0,0.4305697019287182,18.838698701099787,31.510081854330156
399.7055974855263,190.7268686709405,517.7876586723789,854.7685256290524,21.0,0.4570061170089365,19.133448567073938,25.462505974508467
409.80107700208526,188.40084015236525,427.73318609454947,856.0949228771182,29.0,0.4848669794924675,9.84818370798287,24.53397079544666
401.05639953815813,189.965101436478,362.79123425785104,831.2482777437783,39.0,0.40815941804002404,13.34435756353655,19.465487199145024
393.8854790702408,187.70940916999928,605.8713530885556,823.0307412415759,1.0,0.43379951568515357,28.25887879350112,37.48689262910149
401.56560281992347,187.3594227379674,547.6239207252984,842.7057853883031,9.0,0.48389335020693636,22.51369939690904,27.43745185833963
390.77669468858846,190.03265514673222,523.4832970878663,834.0660496718416,19.0,0.4271542915819742,22.36381048995903,25.480342930694565
406.8404615002396,188.94380033994872,423.45415620226714,848.9804884306877,29.0,0.49695368671141593,18.14679096254623,16.65663565150457
397.97641802889586,191.3352073758074,375.7617057199646,831.0344210938664,40.0,0.49626484146779254,11.098838650665389,17.032403447575145
398.1790588882854,188.73294320070846,535.2574817068435,831.0097159265838,10.0,0.4093873290081292,18.806389844382945,35.9119292944208
402.765411876867,192.16696257426565,528.2844531400067,838.4269159471156,19.0,0.441960006242779,19.760056378303815,24.17303199432598
405.15692220928736,187.14393488629756,411.6429056202767,822.8401056808701,29.0,0.43114133093912943,11.638480362792084,22.020805571178784
390.343222036635,194.63364423003912,378.2765190820312,834.852172843576,40.0,0.4433851649237973,14.509371023285022,19.419766972206215
402.70187301735285,187.45304009772045,604.9845045850589,846.0343966285694,0.0,0.45010398839152593,29.208231690926766,42.30114435828883
402.3170232877983,196.43891604560758,566.7700638850067,855.6879573422002,11.0,0.48009492946824,21.744107038008522,29.303768032697086
392.5700070646782,195.11204176736004,534.8255790297583,846.0375868040629,19.0,0.49611905638239145,22.118694826884212,24.136366432816985
391.3872260175033,188.00778001377427,407.728873026062,824.7777184302371,31.0,0.43365542148887265,17.94191477112498,17.919634805701694
403.6322733794558,190.4062456946424,356.42778112943614,840.8414981717362,40.0,0.4696737165364151,10.66820112130216,17.627353260341682
404.7014208760777,195.03480930384848,540.2813829028522,828.097581751189,9.0,0.45685202837499583,20.384913094236467,34.57072836702002
392.5537945884493,189.50016449216105,525.2217604937564,855.6846642883888,19.0,0.423859685979034,21.55851397394482,26.084265809507034
394.7647230480796,190.77728886176294,428.37309894122257,840.8624476273231,29.0,0.43200496010306116,11.46009133732593,23.028139906837907
390.21675302960597,196.05381976419264,349.6514670714453,833.7725455036166,40.0,0.46767699044243033,14.758227052841509,18.953525396901775
391.6656882239052,187.9170414725848,614.0976370360447,843.1481220938321,0.0,0.475237452943768,30.669992137435024,43.16328404520356
391.8241220609738,191.9442030470258,531.3023504006658,842.9811552929494,9.0,0.4737035556791009,21.192846234692954,30.06888265088334
409.3730388794827,193.88030010175038,535.478554969495,855.6747482124337,20.0,0.40841068061149977,21.28236568593072,23.504001852711955
406.4372011858071,194.06242227156497,410.253951225676,824.3935085634076,31.0,0.45813054172267825,18.66372205652173,19.735160364965715
394.73370387364156,196.07693706348547,369.67554955285135,835.0087298680126,41.0,0.4481666987964115,10.14621418745429,17.062266546164455
394.9744830886058,190.302525290191,546.3780737795308,831.1472869549256,10.0,0.44686606419941266,18.298113955138255,30.52114879069942
392.3505249355421,193.49210302116063,531.8417951706169,844.3347506038864,20.0,0.4400222892872025,20.717249375843505,22.81363299938952
400.5674024259442,191.36335831606556,439.08436996106934,860.1160267501708,29.0,0.4043159911950576,11.450787973494704,23.680472223796475
409.859295922386,187.73796564735397,368.15417137605283,859.772101424764,40.0,0.4166215431909253,13.971188573709188,18.199899022202477
409.9166275005874,193.96925055863815,605.3680732551688,850.4840282337208,1.0,0.42809631895922307,31.590584961707734,43.98455247654987
399.1131350557143,193.20132597801538,540.0952473192453,828.5248463889504,10.0,0.43882683839898723,19.863457931960788,27.528057454593444
397.2069019041054,189.59949862854262,520.1296338731532,822.292638044386,19.0,0.4309527616286328,21.744049220640832,26.649518226926936
393.25233878689784,196.10927184493843,439.9014897169268,858.9919965316769,29.0,0.461341519593579,17.115485766291354,19.927248076942522
407.32127779000814,187.4521867010619,347.05467897989007,836.058534675122,39.0,0.4480370081866355,11.40939498538425,15.98595034345657
404.9915659995214,190.92989448978858,562.1665688282606,843.7632587666299,9.0,0.44686931597949703,19.73791512138806,31.542673931318106
391.12750993301853,195.64722376255054,534.5160403652031,860.9887069314452,20.0,0.49131657522576433,21.164392353538616,26.015629561789662
405.14162404084914,190.77850549275786,416.6433932931853,829.201813140261,29.0,0.49540510272587224,10.845514923573667,22.27190761392131
403.43401368811715,193.18128240457895,360.32650872131364,825.5423036879852,40.0,0.4498165186645893,14.73953608388906,20.237886176277257
396.155544795421,195.16385735213063,628.7189506175929,824.5363289346259,1.0,0.4403482866212397,26.858752264099916,36.954866638716844
405.1027451134724,193.20309551353463,557.1631907239689,829.5185664603564,10.0,0.4617263712097292,23.017943445387985,29.504315418953933
402.73288643244564,192.54815608542225,505.64008364205324,850.0558813060092,19.0,0.4513989489159811,21.62070812813676,25.16822990113133
402.4417340045575,195.62363708746744,444.9808249463057,826.8829392371615,29.0,0.44921162930795383,16.558690471280375,18.190109953881944
409.60065150570955,191.92618093992868,359.15006441150035,846.3360341726691,41.0,0.4075863328108664,9.628069821574151,15.170734260103579
393.0380538702459,188.3882717264941,554.6349897921286,828.2752033759658,9.0,0.4896788409906012,19.975429947295694,34.147221536146944
393.4463974240326,188.9228901880867,503.6347446506592,827.7574025228865,20.0,0.4177010484276747,19.098179945496867,23.00152536633879
399.2155753606545,189.06333718405793,421.570794441923,841.1366908341943,29.0,0.4321582764680029,9.754025205149857,23.461194806005143
403.75569434192164,192.1165701354726,352.2791073086477,836.0914386096829,39.0,0.4276877648147204,15.716968190747048,19.922393784696368
393.6904203871276,189.0934932333671,604.8188841116553,840.3809194076408,0.0,0.47599554089375856,29.161216310030603,42.59941106095435
391.24682725022484,188.47739091906226,534.3246771434991,848.4866202161332,11.0,0.45116774421156663,21.134876638114328,26.61102553749855
398.9482473364691,192.32617266455023,511.69882014538916,831.7697292379752,19.0,0.4182283878475958,20.72174515654108,27.45124932741257
391.78408657424114,192.35335564015523,416.32865646199207,834.7170745711304,29.0,0.46791023191444897,18.406315910353538,18.334285985671784
391.7384057617485,192.37106541818548,369.4736447208352,850.8175789673732,39.0,0.45644585425226414,10.147847061978682,15.857150721432149
407.99294794290023,193.07555222293573,538.7741262185862,840.9299079139575,10.0,0.4605774819356887,19.024702795611752,30.408578579075627
393.05718278368664,189.45957728384508,508.4272549303822,828.4626809620522,20.0,0.48058648867411435,18.96062982270373,26.594039267714347
391.03270955749025,187.18242481428362,434.87845849465685,860.8902213907357,30.0,0.4397855599045742,11.617155200276883,25.271538562960647
406.3414414189856,189.57902827044938,352.8355034956026,847.7457287969772,39.0,0.47184572708365535,14.913778800317026,18.89124756174386
406.7716511740525,189.0507756014946,628.7197626601694,849.4380991534699,0.0,0.4736247183698488,29.152952774357754,42.49099758045867
405.3555900288568,187.87290179589675,549.2441582543739,858.2805736902774,9.0,0.4532589432551586,19.11765885465419,27.936226310848085
392.6882935387795,187.63374970472768,541.5984092955978,833.8941537989889,20.0,0.4087868111242657,18.98207097292475,23.143934022989654
392.3339212828336,191.73166201051893,431.2440752422335,852.7715779986585,31.0,0.4929529144247826,18.550555539101296,20.04571870832477
392.4859444697109,194.30867475203644,383.5336182728415,828.2493226466264,41.0,0.49264494235897116,10.860920825562657,14.908654242914281
405.6302896350283,195.27940887177493,559.0200769906126,852.9814852367806,11.0,0.41642657979309927,21.34333207644923,34.13162323436049
400.4613084953824,190.58830484123501,537.0880216325244,836.6978042969054,21.0,0.47137824548553264,22.473415907306023,25.50777748693719
400.79562123829265,191.38744675388338,430.099450836245,835.2144980727359,31.0,0.4383891221373212,10.712506277006112,25.46448364264302
402.48475991827985,188.16898040708364,383.593284944539,846.1083221228567,40.0,0.41392720726633875,15.680902610618617,19.435796181504635
400.6692218395264,195.9389258305096,621.5438884489812,827.0669951893101,0.0,0.4706980461243459,30.594602958738154,37.88792436207551
394.0908918633893,194.14064082223615,548.7592594852345,851.1854116744047,10.0,0.4821257304672013,19.36465329521187,30.881108437058575
392.54977324663963,190.97287290560368,533.8918146311821,826.996697093951,21.0,0.44089551770854934,21.57254106460802,23.192723791714748
401.96885402410453,192.65508347322975,435.6471629893181,844.961174591093,31.0,0.4959074794564028,16.85198441498133,17.339923405753993
398.47193724840963,189.87929616475725,370.5980105261062,857.4740963537186,40.0,0.41007946030158865,9.892512306255618,17.13114133111255
401.8592581051764,188.022126642252,565.7500208904298,852.6033854849635,9.0,0.4707238634313399,18.684596796343673,33.5441134839823
402.13430092765714,191.24130671302385,531.4577694249889,858.3746805907606,20.0,0.4910686198255713,19.24013847404194,23.575340240214317
393.3104102073458,188.86320879494122,440.4996315600997,834.2858565061975,30.0,0.4518838057126072,10.81386902552223,23.074302735228315
391.09523277644064,190.351972416459,378.11413794392047,821.1852809201841,39.0,0.4114267300055688,14.556762578411146,20.359914861766786
408.4592046359697,191.65700122318813,609.2334791235629,857.738188997572,1.0,0.40328466702434385,31.372295886847436,38.745527772898356
401.55263908183093,188.65513317427974,530.3551664098638,833.4589268453103,9.0,0.45805883502780437,21.555510009262026,26.067633581254213
403.2707474403342,188.7803596686975,540.4428126987782,826.9465091101246,20.0,0.4860632017890734,20.603505289876534,24.07813915909292
395.99191823532954,190.0993692626861,422.89272461830393,838.07155621347,31.0,0.43493869990493333,17.289446762976,18.79841192050326
397.5545189488034,195.36564813292333,369.49814416936294,832.7617871688389,41.0,0.44532888347480276,10.450731760201366,16.19582028446351
398.0152612175065,192.5964033130822,535.2096098372285,828.2771252198108,9.0,0.40755033638038896,21.09703682252176,31.535370655991738
407.9486081963777,192.26578466659294,534.0299908594449,860.1572574246385,20.0,0.4866993760011524,20.427031469708485,25.147475079200998
395.0777712808661,188.96113099693451,427.22031516424136,844.8019591880168,29.0,0.4799916085373189,9.937228862203403,24.26943416798233
394.7636556209345,187.99441392759346,355.72688763997814,849.8906772742264,40.0,0.4830219864566992,14.505457614729865,19.61805117842217
394.0996859083164,189.93147730261012,625.8534327408448,821.5200769404295,1.0,0.47359046131960025,30.997750441326062,37.7218594196477
407.52888151750585,193.42925563614253,557.1578454055403,857.4249601416121,9.0,0.4341817351697876,19.989578420411426,28.185103349574135
401.80589885029616,189.68063640822876,526.9659563139653,837.3764660876496,20.0,0.43627578946659457,21.937490337736563,24.25828409891613
409.4909453039774,194.7975877478803,411.56951703681585,843.6310647986625,31.0,0.48945522268940916,18.443496290696658,18.065683134393147
390.44938616640235,189.68677359384947,367.6653685864347,846.3391287930459,41.0,0.42180231074940866,10.701712668960205,16.13334549746566
392.6455242225066,196.00572301236386,556.6488743043861,848.3273542578193,10.0,0.4914298806560499,18.544888348886808,33.545620870198185
395.4811044137441,192.54178002515795,528.0568155340745,854.1896721482881,21.0,0.41065787301286744,19.31175715790479,23.713617969515123
395.3299678674176,194.32184578459064,417.0292264224639,846.3239225342979,29.0,0.417537127862345,11.500210973144613,23.167409172241666
397.66277056498996,192.18917705282837,347.8786386710022,827.6513347502432,41.0,0.4184370920678963,13.596578077230875,20.00866257333268
391.3649941070818,195.3707899070303,607.4877358542898,857.6205470916766,1.0,0.4297121715623175,29.36488129516082,40.60457128194465
403.273423307253,196.3682973932476,558.3028838884101,829.5976151436303,11.0,0.4262264044299825,21.39932730894107,26.28903549868503
399.92732494402475,192.9684284891689,515.3697556326784,851.8364881498329,19.0,0.43443837320442336,19.852502339361227,25.251758850118705
404.0985109937791,192.98286058268155,425.38726051044523,824.0373364147849,30.0,0.47994158789689795,18.077543718573406,17.504228363359502
401.80461333738174,190.60973896940027,349.6632829330654,857.6925430184897,39.0,0.47900135587918563,10.796365283486931,16.45982358778168
391.7341042372437,196.5817079300393,559.3356965578273,846.5579754133705,9.0,0.46587833667107176,20.852182683103695,35.34748486554363
394.9933601771837,191.8942496364314,510.84837767278407,860.5067203198658,19.0,0.46699174645500396,18.912816551749437,25.329376982196315
409.9870699913167,192.5580658143718,425.9284047232533,833.5141942602235,31.0,0.469742026724684,10.189569291659298,25.54890608022346
409.4211649033074,196.44266489113434,364.96856866629855,855.4817060395725,41.0,0.44551436850361564,14.876451214322802,19.52869908577562
403.0033470088646,190.64697249457305,612.4270877601406,840.2424753537634,1.0,0.469628877587814,28.051915289999712,42.63409685567469
391.30712681597885,190.1529033783061,550.5796516950135,852.6289265935585,9.0,0.4737855766906525,21.084706061490675,28.457295319238497
407.533307557249,191.17506084027892,520.4777140230235,860.613652533671,21.0,0.48747016726841996,20.57841075243935,27.956807970356284
405.97566471547333,196.9793411053334,421.0284726180684,851.687531557245,29.0,0.4037596773206261,17.329639017460636,18.63621743610984
395.4337394213801,190.98287383975637,349.6679734044572,834.4548185531369,39.0,0.47322718071846454,9.366960433049398,16.282844692710427
395.94005752909766,195.52821821691902,557.6221326093697,844.5643413788358,9.0,0.49103391020575343,18.253124319716818,30.45936189207159
397.83260281080715,188.24437557296855,540.256627902377,852.9195728857353,19.0,0.408941100231226,20.466971188816874,26.77725093504446
408.8946404458282,191.6740151124987,431.5364555684283,827.681357843683,31.0,0.44015802364254875,11.337541861741613,22.28098091224164
406.6128503550125,188.20338762034996,347.8778142859125,836.3636244596499,39.0,0.4186438262144255,15.638129210704726,18.41107548379691
391.1568535312679,196.6910263014081,625.351435398537,858.1100913278085,0.0,0.4525031500860268,27.590312600647053,40.92442306240817
399.8237268173725,196.96335775806725,564.8974459218482,839.5352299286247,9.0,0.4223817614822623,21.155292576152334,29.41682106364568
401.60172415675623,187.91486837397755,537.0984345052152,831.6240017035483,19.0,0.48887480798689775,22.324525930756153,27.561335952744418
406.19032149449754,193.55241980639022,429.0342948243656,824.4794703964565,31.0,0.4005082139818026,18.08108573911713,16.684938177577198
400.65205038801525,196.6212197259205,350.3787544021782,856.7791972387226,39.0,0.4851206914048769,10.389904776189066,16.326362800476755
401.84815569319034,195.24680965925148,542.9123683160877,848.1206461023626,11.0,0.48644928803073484,21.019382234518066,33.18048814288819
407.36321608103094,189.45285532255335,508.293626388101,827.4160042132029,19.0,0.48370133283636724,21.631876223467557,25.786740761822777
402.37222756430367,194.52716639557642,413.34420421172297,856.2348303679571,30.0,0.4465470008769984,11.42514782400455,21.219233754254706
406.398938348162,189.28625161524923,382.3480523707747,821.0448044592043,40.0,0.4832134177957742,14.832119427399599,17.1062407690371
395.74076266349823,193.16926918375742,629.2474471210969,846.2725410806668,1.0,0.4376695361986799,26.134583657367195,43.40042407127871
392.5689743618638,189.83342948265582,529.7371087495287,838.2896313557005,10.0,0.4341872166038686,21.557011951162583,31.37539433742586
392.0501945598136,196.3722848723645,529.5154288920326,823.7134823642069,21.0,0.4166377586932272,21.5688677250415,26.772060103657516
399.4714777687018,187.579204605588,409.98777671031417,855.0965863679459,30.0,0.4973488969177397,19.031694936394207,19.25572291883305
392.60172480261264,194.58263195929024,346.98347665835206,821.8849420611599,40.0,0.43718335292387245,11.063074138182754,15.578723681478518
390.02058959691266,188.58938283276757,547.7415766707434,858.7721453983132,11.0,0.44513870243296755,18.72911326590574,34.98810149813953
403.8736445156298,189.2076961278876,505.2952418246337,848.2199720829885,20.0,0.4131335126409378,22.3418420903794,27.195992060824977
390.62604627495034,194.31270066973684,443.38098043791274,855.2944036836999,30.0,0.47600940784380974,10.497442571297054,22.664293875232065
396.4148548087625,194.24422672614116,375.83348048123855,829.0143657419485,39.0,0.4651666825375885,14.42057503010978,20.363103916391264
399.46419813383113,196.6819342791472,597.4210206281249,855.7449267182244,0.0,0.41536580381611127,28.71160830617222,41.04769185282257
390.3572378495664,194.9679782786403,540.7667189337391,857.4734413983964,10.0,0.4616650314520738,22.24545662209994,28.77327310233649
392.3461637792479,188.2518579220255,529.4226114891588,838.2122357959785,20.0,0.42255401424437355,19.072097819467956,26.47881005936364
396.5185092790415,192.90263938885622,424.3298699588662,860.3740562961161,29.0,0.40116205399081006,15.912115169525064,17.945666364899722
399.59877669434246,193.00020548119303,357.66650314837216,848.7992754450617,39.0,0.4952648638038717,11.248262798208053,17.125207240038378
404.98323278202565,188.45922074035144,533.1116961797067,843.8361800737666,11.0,0.44988881534513564,20.554513429021565,34.37788852535544
401.1929736697383,187.09770847419185,515.0584523297597,841.7084657353885,19.0,0.48825334858196,19.072400520341034,26.50543092545244
397.15602701856545,190.22094702219334,446.0986554525914,829.0343635944918,30.0,0.4800586699109083,9.983119118775976,21.98384296244022
392.091356806688,193.36430249543636,374.25902905947606,822.2634457930257,40.0,0.4616604581862474,15.144540645951924,18.216381024536442
408.7040363059892,196.4735046263104,615.0121864085579,852.3369090376646,1.0,0.48148251137465126,26.546345649645577,44.021703913453905
400.9518475230747,195.17297769962494,547.092731380732,846.743107807861,9.0,0.41639994809894976,20.74215030925606,30.17859820983256
401.86557296620356,193.50294185873454,521.1711571430515,845.6296808776897,21.0,0.49758652558191313,19.79257757992737,24.066086086639913
405.79397014284956,193.58707775500875,426.9278286581256,843.2145420375052,30.0,0.46532630192373303,16.81645489623578,18.49581163581864
399.865536935676,187.81526489552428,362.1304544449533,829.822444996893,40.0,0.4030652502205806,9.895980408103325,16.267478052191482
407.36545010816764,194.27169069766308,558.7082608479992,838.019733377923,10.0,0.4987649563736058,18.233078512712527,35.46534412637714
401.5735081714479,191.3861541918959,531.0103064166054,840.4667576569881,20.0,0.45977235652558646,22.02928326574864,25.661636488706236
409.84266632681346,189.83854528608646,421.3660411866493,836.3538860747119,30.0,0.4631560220092521,11.115132059610056,21.814683796949392
404.31649929364175,196.09032520665642,353.1873243548097,830.5017329969551,40.0,0.45126152052058055,14.55239833930648,17.344428056364407
398.7433077763365,187.97393392553553,606.2008319632129,844.7167359932713,1.0,0.4359233369399766,29.51874313491684,38.05435480029379
397.8216307330352,196.69412322335288,539.325337308045,847.2694665816517,11.0,0.45884126333406056,21.414598716420453,28.283106868160413
394.7405571421667,189.3467403826155,537.3483867864301,838.6809749513143,20.0,0.44487775738314034,21.15314552277171,23.87918876077802
398.9886767042748,192.87884371110385,444.94333419405734,831.1011112830167,30.0,0.41676192162883174,15.787616565728728,19.20712259126077
403.27609055243613,191.74630875749813,379.7668179587679,853.2268061180022,41.0,0.4868271280513259,9.788149716876479,15.117872512385754
395.39499223033977,187.57086856089316,550.2467811200413,858.4642276917984,9.0,0.46400029668369136,18.97439992672228,30.925508970819756
391.7711116844648,188.03308957124017,525.3868280177036,848.5283146346638,19.0,0.44798970815920736,21.583997717161175,22.48751659554332
396.4626131414056,196.73097748070347,430.2044891878187,831.1689831958997,31.0,0.44888465802569205,10.974419683027925,21.852757409902235
390.59947179745353,190.07929941591192,374.18723050946585,829.0741380849179,41.0,0.4162381894662321,13.886889986113713,19.856228686609846
393.1232768958435,189.3456129333483,628.533873312816,831.2122609891372,0.0,0.48381152896481106,31.55698401607144,42.295303910843515
399.9434952801685,193.17847240201215,563.7561993791487,843.8243898655531,11.0,0.4930948695506978,21.796012354332557,29.899541316249373
394.3135030479543,193.58885470232656,517.7545762261664,847.0493190816596,20.0,0.43485736672419706,19.065804225933558,26.239463162629377
396.36223107236236,195.66438667527646,446.73347749434515,851.097110504623,29.0,0.45670162609866677,18.229803248194617,19.728395078853346
398.08280643302066,190.2703316156324,372.7037354225434,853.3138376776503,40.0,0.48778911590413276,10.01976709087203,17.599256250521993
397.51344503763454,189.9686927456028,554.9629863517757,834.1352491154032,9.0,0.4366461534871398,19.66302952950277,34.331647301806605
397.7711620254069,191.4869362262253,511.5017652349731,835.9300716651736,20.0,0.40731959237684434,21.240553045653293,25.727363311206872
402.3898069201923,191.6349404380057,422.1914312071692,855.533345982873,30.0,0.4479181877629731,9.612463747772868,22.802277268119198
397.60391237571713,190.98822780896901,369.2068947690933,842.3441018690752,41.0,0.43943653238183505,14.956364974231002,19.917140218451582
404.3098181419855,192.21234132485336,622.8957367526823,838.2344836615214,1.0,0.4071280270055164,31.61520953407305,42.0622955444798
397.6014901787441,188.97154126572877,548.167329177744,828.7823329274121,10.0,0.44858717591863256,19.978461584426135,27.637425881732067
396.14579929852573,195.03025897832663,523.5664510670101,833.4523079662401,20.0,0.4716150674223194,19.529577411001622,25.255642381840307
392.43772186673897,188.8114934953468,434.2447141585993,828.2575339078251,29.0,0.4184585129537033,16.687568446486676,19.416217822886267
393.7045689309482,196.17752489171377,362.9810970078545,824.4815585035063,40.0,0.4550226542156262,9.450298068338023,16.826470209197208
409.02806684413315,193.0161182014633,561.7675543770716,856.3682585339363,9.0,0.47937438503805163,20.668769348306206,30.89090291020331
397.215450382212,196.05891104787761,532.7977880100672,843.2654823174687,21.0,0.4780525515243862,19.872742719951344,26.495974077561094
398.47476507297523,193.6754989929147,410.8214125533867,845.9543729870629,29.0,0.4423944812913302,9.882937592959866,22.30295960441735
407.38519249302107,191.7289196563318,367.41432407370644,828.1378386091109,39.0,0.4641971500443266,15.12721253489497,19.15726337866261
394.63894192231953,190.90905995905516,613.7790534074469,840.8706743543668,0.0,0.42745402540001254,29.542483930327432,42.234864559912985
398.85433933559057,191.45790914577228,557.9806740559447,821.6328436706233,10.0,0.41041096493841667,21.94222303194071,29.332762832629015
395.4832133311961,187.79419368988988,505.4263299838572,856.7676349865648,21.0,0.44011879140389826,19.915584276106046,24.895900840347117
402.3431156679129,191.4240993648067,440.27452453005685,847.7841046453585,31.0,0.4640168223828166,16.60359307902064,18.680434385384757
403.60263862206904,189.3082918915401,364.27434579521474,828.6129945127627,40.0,0.49941393612211676,10.736625514886708,16.579414042138943
404.6130102047849,191.6520561228372,531.4056937040314,843.4918726351164,9.0,0.417530294235766,20.843059641535792,31.063769814659043
400.71655368946165,187.9667644964672,520.0148374503274,851.2465331558099,19.0,0.43008531083532553,22.81290579002099,24.764985213573958
397.65052560488016,188.19829002017647,445.96658514512063,821.801054237033,29.0,0.48420332943764216,10.664514743725817,24.132088590492998
391.78248864232035,194.55270420496808,351.1085393454094,854.0427052101011,40.0,0.415930402061898,13.515928955980444,17.52859571208563
394.547146001922,190.4167450189692,605.2363810204395,834.8528707435602,0.0,0.4553802240712376,27.852818904573905,39.95936917932615
398.9440508100967,193.00594333360618,549.6271771078599,857.7756789285767,11.0,0.4574587382317767,21.279616521119955,28.250662999424012
400.0230599836402,190.97178777429212,523.5893047503977,846.1180021109054,20.0,0.487797432044507,21.966087975919688,27.272456556604574
405.8006087261412,190.04679139098042,410.2367713220501,837.1192071506065,30.0,0.41537911496680313,16.438178232047164,20.017460352797343
401.460828578617,196.32730740476254,369.006534019865,840.174177605514,39.0,0.49227571905133943,10.373088791143386,16.738297129947707
405.2961960180599,188.74838627260414,549.1026430585378,836.9465211108925,9.0,0.466630688583504,18.5609958350791,32.896170424301665
400.122151096935,189.3255135836538,505.19861577437206,852.0689452188677,19.0,0.4936449173883661,22.375349811593054,23.783652561023825
407.0289727510253,187.0033250612049,407.7075123845303,845.1021265537146,31.0,0.4152024853128648,9.688306607983058,24.872387070382352
399.1960084753864,187.58163795505476,385.7946526867907,823.3112224398546,41.0,0.4983678925263414,14.037451468687573,17.621978603536597
392.4276987884486,190.03275147567595,594.0418324404259,848.6864536677652,0.0,0.450942212814979,31.858854964931854,43.36199739916911
402.3043887646202,190.06253620786612,553.9558334516655,842.0816585564661,11.0,0.4724317469676661,22.226793261794285,28.330115726396112
403.08151590743995,190.54236240444774,523.0201848787456,840.2653938613945,21.0,0.4733614380561402,21.561995624780366,23.186700699163246
398.3230799635952,191.81344151635324,407.7676910729223,831.3925283498014,30.0,0.46809748272382445,16.320138071647875,18.776301971952325
396.4700078982295,195.34303365954767,371.17195224042945,828.9542511110118,39.0,0.4959576644321034,10.374736411366834,15.110715259264857
400.95918977947383,191.54377334559962,562.7742833095847,824.9233032313698,10.0,0.41271997626874496,21.544476134835918,31.344902415219362
403.03421295821937,195.10685927986268,526.5632524473895,855.3826092658778,20.0,0.47850165438370573,22.441856475369256,27.15665606941656
405.7380677251059,190.15406895748012,434.5253882434617,838.5041249622157,29.0,0.42793677139347164,11.533997311395536,22.386905218491698
405.62340847573836,195.25132195928703,365.81808413843925,836.4539563939326,40.0,0.4636669682167207,15.147471278059305,17.33501114596838
400.36816043890406,188.5016900081704,619.4973507488594,841.488876832507,0.0,0.40478308203941055,26.30237463238429,42.8090512210518
403.18071068407363,195.02130558127587,533.2147013581123,822.4228346814219,9.0,0.438759523148277,20.840177134018013,31.7194146496347
409.4149991534134,196.42315389673192,533.353707070707,835.1936544102756,20.0,0.4098395649713397,21.115958729017876,27.058875483819723
395.3009285665001,187.20944961030912,410.2868666990571,859.7144013938013,31.0,0.4782484924563938,16.45289161305002,20.085934436328372
403.3470079609286,187.10427699397403,356.2165393874088,831.4285319967967,39.0,0.46439042535411307,10.463028437158249,14.888516110408904
409.3697755518877,194.98714191654574,540.7128814680386,860.198813174354,10.0,0.448601550297754,21.76791347977714,33.17723588124048
402.32999453790165,188.56638436973807,503.7494250351988,825.4323184871923,20.0,0.4224615611843852,20.277959153211732,24.55187872329621
398.78809979388905,193.12939582494525,444.7230335097883,830.6277084733002,29.0,0.46759822755863556,10.61160560935608,21.25488713183827
409.8483080097894,193.71454934894643,358.6768990937978,856.1707463999135,39.0,0.4544016579182752,15.213041602167744,17.921156558038355
409.56794557601194,194.48191905979,612.3125290204428,828.223783927012,1.0,0.4320059832520984,30.447473798954082,38.91774339414452
400.7911244099101,194.27947176730743,533.3177485858586,848.411920644635,11.0,0.4965129742126997,20.95125534627275,26.86230519813225
396.8476727206709,191.1341644929526,532.3274004430615,850.7369514430644,21.0,0.42975484513188206,20.726069994779092,26.670870452537464
407.46645831721617,193.3629135397925,437.4448614817263,827.4028653981829,30.0,0.4558042325148967,18.48489771469267,19.226599841629426
407.6290155935004,189.77902097248867,353.75815469071097,856.1926594376775,40.0,0.4204035634628899,10.514576694548756,17.154007708385272
402.3197090052036,188.88024734615416,543.2153827474295,852.3516713794158,10.0,0.4848047791130772,21.445295344813246,35.23835254144526
390.22063228524934,194.49545484468888,532.3470556044402,848.1351529142057,21.0,0.4841970371496709,20.686467903171632,24.90020596274549
392.4942811382278,190.85375883047362,432.73460719647136,852.215991045891,30.0,0.45930443341867844,10.38960058292971,23.13844887039702
403.91236292993614,187.0321826360428,370.78357349839365,835.2197204176543,39.0,0.4387673594750394,14.52069294332158,20.400700338436465
400.2021942499765,194.23404765612287,594.1654943168115,830.0175502185477,0.0,0.4486597662243753,29.555942524982363,41.633508455468245
390.45865622536087,190.22108004229185,554.4596260419662,826.9599894459698,9.0,0.4745925208813675,23.02427059987381,27.20404736229062
406.5026133533223,192.20296576918653,516.938503845767,825.8950702930072,19.0,0.4434019366173875,18.776552958248995,24.263945436935625
401.96450588127476,194.3566311423919,446.933900455718,858.3245332537423,29.0,0.4173480074265957,17.878685360356396,18.32593829692729
393.5650493380928,193.85911271049864,385.64505727285217,850.8887835096815,41.0,0.45718722712271864,10.582560270593374,15.35571315777207
397.24470883304576,190.34511288741933,530.0478683412825,821.9676705556542,10.0,0.4586479092188707,20.873845240120623,35.87890862636252
405.65163879702675,187.5613610341621,536.1091207950285,830.0216531970293,19.0,0.4841933566791809,19.503554101076205,26.396558396163048
399.16373773475783,191.82968872085354,412.33919889663775,824.224060550285,31.0,0.4903913330260375,11.489544767825834,24.869803528755785
390.1405840762724,187.57280251077623,355.0089480907396,826.2539763257963,39.0,0.4751375086029046,15.27490117286327,20.713309101632806
391.37916032712843,187.57054721151255,601.287482987728,831.4682273494362,1.0,0.4275612338678946,30.644185788678897,44.67465076669387
397.42414187779997,191.2888687886104,562.7915774514408,831.7255608038205,9.0,0.4487571193673384,19.041177120769788,26.35388490315813
408.1287490668882,188.39245371117596,523.2968272910086,837.4438241040283,21.0,0.4086424610762547,19.38292139370219,26.89478648164778
400.9664116745285,188.27988208533586,442.2854245712824,836.7379138625437,30.0,0.44187933190741613,16.56534911254794,19.186651299549318
409.62594180994495,189.56530062444247,372.16698405896295,828.9239053103896,39.0,0.4463932486688336,11.381771085633599,16.74575239989902
396.9901274417364,188.14095784887934,535.0498731493974,830.0126771980495,10.0,0.40888402450875644,20.817956487997403,33.3380573307467
409.61033644002214,189.2740949586138,518.1591150530619,842.7018321358169,21.0,0.4707835097229769,20.99120606058009,22.80782877112746
399.16601283057315,191.84696287130046,413.630981606531,858.8279258800113,29.0,0.46690223373291084,10.53991577156529,23.134415700863034
403.01946934301907,192.45431869406906,348.49092423527543,841.5001059508132,41.0,0.44592398775969583,13.482895382715745,20.06671204486179
394.0272756427195,189.58620834888038,596.5882541372919,834.2086025948599,0.0,0.4754107680316164,26.18601315298298,37.750230867587725
403.19258732789484,188.6161981128587,539.2197337862242,858.8655181679843,10.0,0.4750729506999347,21.243519102887088,29.18331863898502
391.88303820251394,190.43663192609102,513.2972359474604,836.6291346245446,21.0,0.41054736999566305,21.101544188531815,27.35561024548516
397.6084001501512,194.75611850925327,445.57906615603247,829.1506583651076,30.0,0.40940361044342666,16.90121499001334,19.284443553407584
395.52883381166794,190.12349101885513,371.70698630689697,828.8336325034768,40.0,0.453302886724614,9.688546031497523,17.032157309357338
405.8652270087651,190.16761677067527,563.2871702799501,857.2457301906306,10.0,0.4168854206677686,20.108317233123607,33.68832825487047
390.6676720357276,190.6369312475614,531.3054093880334,853.8151002979589,19.0,0.44403234183683493,21.289870380340517,22.81648421507715
407.6483273681468,195.03603535441536,427.20827094306554,859.6850646103668,31.0,0.4485358983159887,9.81804960011439,24.610623931209012
396.4602239677243,196.97078157081663,385.19129831418087,847.2453607208232,41.0,0.4686860997675029,13.604556300894602,17.193466347952683
406.4591689244297,189.09752947683683,605.1610850487639,859.9382955990469,0.0,0.4296489781283315,31.403933565813606,37.6237073138027
405.19164820229264,196.88065566652773,565.051840430986,847.066716748257,9.0,0.4357798265325442,20.975692278451262,30.775967682077372
396.70416094741745,188.73761593135742,530.4805608132312,854.0391285083233,20.0,0.47190774473538555,20.133125834352892,27.783549753788254
404.79342601453527,188.91260417914586,431.551096752628,838.4202181759264,30.0,0.47380691233385175,18.46556166589319,19.600828513259867
395.0794974914405,187.31115599917356,375.57178940659094,825.253749050231,41.0,0.46863271966860975,9.504853588177806,15.324261351062797
407.11474517811575,189.27179557023516,562.4816450097176,832.1710435381764,11.0,0.4340380092666675,21.55140824123339,31.160221372973123
397.2075563986069,187.6850540662698,532.5262116503555,837.332253710378,20.0,0.4903607844346795,19.697760218235562,26.420217439032278
391.18187780156507,195.98847388180246,433.0307419023499,855.969068965534,31.0,0.456044063098044,9.793741632609434,23.300631611328267
399.2071654240385,195.6456360952267,367.8659288075115,836.2160219588164,40.0,0.4802354329159264,14.748005526912127,17.150328337636036
398.42888083158493,187.27175016090845,628.6497364282719,826.0981583769147,0.0,0.4292218230461898,31.360823856888132,42.87232913334976
406.09813553682875,187.18006555600454,567.512414282961,850.0668396828129,11.0,0.46282381104632814,21.137238724398532,29.660274675734538
398.9968441594512,189.18443182883308,506.809889060467,823.7336374212904,19.0,0.4241893828258839,18.464757316446775,25.539467342487562
396.02530521520004,192.9835748429776,418.8895123083447,832.9967644602793,30.0,0.45988082963834914,15.884429623947101,19.72371432887095
407.5452352565236,190.30408003875775,359.6162337339826,860.561134334007,41.0,0.40789691621908286,9.85818115341184,17.355627597579225
390.69340533452964,192.82806835083488,568.8175006476524,855.2278437535016,11.0,0.4658825070140071,19.085265915355055,31.191248791501298
399.7674925796588,194.37565749092826,523.0095903008064,822.3058271018267,21.0,0.48292867993167554,22.387310182974797,25.24728276849655
400.3489270351008,191.3042741032099,419.6778635116448,838.3838384343485,31.0,0.41375237748170157,10.281892546353633,21.97132422088325
393.4116382311418,196.48108320171443,363.8098444913915,852.5520905562144,41.0,0.42374334683748066,14.846621509090633,17.477637351460487
397.69022655289626,191.87667068621263,616.0889703818189,859.0212421034481,0.0,0.4472897132810905,31.78433845331012,38.91470499794401
398.1394381926853,195.91480015623506,529.1168413048545,822.5906385995428,10.0,0.4045648745502384,19.488101209723936,27.590879441802585
409.430653818021,190.3134700710305,521.2816423244833,828.8439085095357,21.0,0.4447468141322458,20.35478821640472,26.167058648133153
400.74014976702716,195.54135997650505,408.97987413974664,854.3326828589205,29.0,0.43388606493387516,18.45299816493775,18.604274423878596
400.2533545191283,189.93488823208122,383.27014877731267,836.8806016494876,39.0,0.42845623017628975,11.061869870996356,16.493583044973324
407.5972535472232,192.74779554264416,530.1867289225896,848.0168083018835,10.0,0.49928168389990707,18.600060305510294,31.551425920632983
397.89152151195293,191.2182817853883,518.4408430106218,857.3044401022622,19.0,0.42581732541911693,21.53671788383729,23.87811019741616
404.3685845963747,196.5403312758504,435.85573804425155,855.5152201164965,30.0,0.4051135381442101,10.105157735988826,21.475361338638006
402.07590905898775,193.86589913492605,350.5795055226362,836.3535553217991,41.0,0.4662664513059356,13.602347554120989,19.345636485593957
400.99167313444286,196.0032126807427,606.1695891857684,833.843243883482,0.0,0.4941725711618925,29.957047060406012,42.25794684644813
397.2383998167573,192.93660791208538,529.4052473611098,846.4438418563817,10.0,0.41157376066787055,19.548150574188934,26.984596828145296
402.7575418532727,194.40981250274578,523.1996609170567,854.1607093018197,20.0,0.4142137123793458,18.46190345111086,25.299256097056062
395.9008141530831,191.86000493797604,430.087995469382,822.7495628923579,29.0,0.4808022629906553,16.411858750240672,18.21751735426939
406.33446405117087,187.67384554785522,361.4957034267464,855.0736494749578,41.0,0.4077614644731441,10.488471486547084,17.575791898342175
401.8057108590632,189.26279108214231,544.3695848054953,839.0049344472773,11.0,0.47593510257526134,18.46907644844479,35.61482063418008
390.2461940603215,190.70052334674256,503.0968123989063,836.7189690138116,21.0,0.4511681386581512,19.41834518033164,25.61549625925596
390.89556901009337,194.61906820132415,444.86577735974186,834.5907530860447,30.0,0.46458223862864845,10.910780522273875,22.799245624597884
391.434237776953,191.09628894895232,358.44869980253577,848.0848255894003,39.0,0.4531085344885243,15.822184597487734,19.284520885307973
401.1937688967588,188.05259185197013,596.6943893255451,859.8810102598636,0.0,0.40275367198694656,29.01161786340897,44.58638204208045
397.684134259716,187.38996012574913,530.2382316367738,836.5194703978748,10.0,0.4395434267992914,20.215466296494732,26.841429248872615
399.75702394384814,188.3004778251114,535.4192094552931,835.8158794510123,19.0,0.4474006428483156,20.231370602274257,28.243569981524914
400.907622424366,187.88201703789872,431.2750936630772,827.0633717147952,29.0,0.43855119047369223,16.84454712280568,18.491883103750943
393.08290086356976,192.5371148535801,367.66819249640014,851.4760725041948,41.0,0.48385492149028286,10.100866146004597,17.46129948410466
404.18027448574065,188.77170925271867,549.2978546447897,848.0954928607487,9.0,0.49664173858664074,20.311758646220174,32.030806673913595
401.60935201987394,188.39196701345696,519.7617499680881,846.0493728568425,21.0,0.4207309003187558,21.985300227212882,26.057728901298393
396.00978771200863,190.2582311756445,438.70085567851675,839.4578204754926,31.0,0.43951377432643185,9.64181204786027,23.434821836562953
400.86049167915326,189.2774973610321,384.56115388662056,857.3781844374897,41.0,0.43534607405467823,14.686977549574141,17.226178014248283
404.91720077254024,192.49322479403173,592.309642074767,848.2302357184194,0.0,0.4877090581018189,31.55366797581201,37.93417511034574
399.2535121013079,196.80987378162686,548.3362974389258,855.5419009005818,11.0,0.430244747828938,20.96395634561994,29.009637383861964
401.25423398044677,191.41223713655327,526.2302121255623,857.7493884242551,21.0,0.4577279029233131,21.95594167989567,28.171000226018826
398.15168417147635,195.27518922106304,437.5811117861887,843.941158058223,29.0,0.4476483383778293,19.126507864745253,16.724141714605185
390.06335697161404,193.40198311559624,357.9373964944751,830.6152955479794,41.0,0.48834647629860606,10.292503635168398,16.424197698955876
402.5318502218642,196.26382606730087,529.7646437771906,840.0737387327126,9.0,0.403054945709338,21.57414612720318,33.219910602989394
402.6508821993166,193.44470277121033,534.7919121993891,834.3362928863644,21.0,0.42107049638672034,22.713898655236555,22.44512143329485
409.9564171136396,193.76821298857396,440.13877197796467,832.7847758538477,31.0,0.40441619361778314,10.283945827660881,24.175988817495426
391.38059081775697,187.05665814529567,383.4836411383518,853.8770654375971,39.0,0.47661159327955865,15.834619304325443,19.411241217645394
391.77209427939357,191.8762780966721,593.1059733868642,837.3017212412973,0.0,0.40244984482676527,27.85637202773812,41.20090354402172
402.64179659012484,192.7704066446191,556.9102510429371,821.2435499295935,11.0,0.4522576599336745,20.158175847406273,26.43595534679512
400.0124853614084,194.9451554449075,530.283459090668,823.009040458559,20.0,0.4710110056421707,21.142768290790382,24.21511810179394
407.26801533714,191.01306024219713,418.70060364282966,827.0931835785814,31.0,0.4906111002132497,16.77880504034263,18.25357086590903
394.52057995632,193.40476042175845,385.1592446069924,845.1397238417352,39.0,0.44161214280710925,10.939991771695578,15.366748870618824
404.3958290670937,195.66933468351883,547.1578739243342,853.8572796657037,10.0,0.4071775806226513,20.813390760433183,31.33468454352502
404.2790526501318,195.22534794384197,534.1583403021008,843.1000386963156,21.0,0.411995369302389,22.54468701670312,25.988421313219337
398.02891261826386,188.58624144526377,442.27968678886543,853.9511236040466,31.0,0.4054332034822904,11.148122477284048,22.690833805679862
390.0026938600897,192.1112913923723,347.8740763411041,832.046782312836,40.0,0.4895726725926173,15.056635425762241,18.854610527861865
396.80741492611526,196.40448505736174,593.3086184609741,858.2354948824324,0.0,0.4360233918800428,27.64919948788471,43.59652912163013
396.26695835170284,194.88932471776008,564.6748857924294,838.3526967830612,9.0,0.43773136614063235,22.83254884667046,29.89160899320048
392.3204536269634,187.42291749222682,524.5851620398905,858.206838617537,19.0,0.47038570916343314,18.431854499409067,23.9881388761606
404.26092101268637,193.66385413578206,445.64190020514707,851.4415116100313,29.0,0.4676108231414411,18.94505842266397,17.492574739891875
399.50813215700146,193.34339739711203,385.97864992862526,825.1923225999029,40.0,0.4956799815484286,10.40083438307722,16.169486107872594
399.1539921031859,189.08882724005164,543.7482868345918,835.7925302394871,11.0,0.47675676285179186,19.744681798525978,35.16896469208293
407.0069600223979,189.11994054698658,528.2941392868051,839.8912721665192,20.0,0.4215740679176454,21.5500585396904,25.42639006457405
395.90602955143663,188.3660090365117,433.06559041909105,850.5438983252932,30.0,0.4644832604022314,10.397258047766833,24.55420442026113
393.98430549788105,195.90215002636174,357.4963838586232,835.7114395102461,39.0,0.4823309429820718,15.645329422071452,19.14628654298024
391.99733642272355,193.88044443836014,599.6755553421658,857.4427481106953,0.0,0.4019327630917601,26.802839240606957,40.095324227336064
399.8572916889489,191.0428974725487,550.2375071364837,844.8052669962273,9.0,0.4464095159453504,22.946696811727872,28.98993045002827
403.55084534917904,190.11863857916885,532.9596551261105,851.9168592750447,20.0,0.48571295598562825,20.768354310105366,23.522618617256086
397.6516064714127,190.6773365080511,414.2695676283785,838.4203050188876,29.0,0.43418037054921826,18.231812421102095,17.32493009803306
402.8371991771071,192.70649623880934,368.7237004935147,847.5202938456711,39.0,0.4974194443816357,11.12188652012651,14.828344294108046
407.9712120934968,194.83198413298626,560.2150449428392,839.3198303601429,10.0,0.4152327785662679,21.68421213358514,34.42857493332162
408.74756876328644,193.03291805714943,520.9360352597965,823.3886595588356,20.0,0.45822087597682315,22.85024941511168,23.591532395800005
400.61474710573674,193.50957335118073,432.78364698969375,843.4517417179361,30.0,0.43656807482613713,10.03670981324637,22.117373826272413
392.8160589778535,193.22413641565996,377.2528742298922,844.1319359768145,41.0,0.4981653323852448,14.89075946587099,20.522773979019203
393.27762047560964,193.42818914800174,622.3944074944235,858.8958099834579,0.0,0.429050450567142,28.8060520022434,43.98355168115148
404.15442700535056,187.62203226164704,534.8921217711588,821.3136636308767,9.0,0.44476734254104183,19.46395437378956,31.52502748322391
400.5931944789124,189.4189329411289,522.0241428461883,848.1848133094043,19.0,0.46209085902177083,22.214077894464904,27.04079133080451
400.9371928195025,188.80307935422778,425.3439177405536,843.4349785345047,30.0,0.4445541638741891,16.387965419619587,16.6893230771237
406.8729932810365,196.81192529164116,377.7257149598696,855.1513968681867,40.0,0.4108893313981039,10.684000385246978,16.384217609636618
398.1334813999717,196.53020021178898,549.9015886692821,829.7646991787975,9.0,0.4436995885665621,20.455740716481202,30.218922961874515
402.4468652923449,196.81177836762294,509.6043059913491,852.7038046515353,21.0,0.4355041056451958,21.63537103638116,24.36833510117103
409.05793591995655,196.67052681426034,422.71175103237374,855.1688762536347,30.0,0.4718331175372004,10.083350830799732,24.212297514515264
403.3320095809324,188.62699743808565,368.60341249811023,851.8650764391443,40.0,0.4603064306170517,15.803477994954378,20.059661576980975
397.5397108385256,192.5199030212072,622.1901248795878,822.8422693675983,0.0,0.4321669989659549,30.9972519513302,42.66750936892277
391.90798554626423,191.28702020986432,530.1667905458106,840.2356058641203,9.0,0.4000442781437208,22.68580900589613,26.880389374329926
409.8017275213496,196.54846993038467,521.7870075836513,841.5088099125052,21.0,0.4371724066402343,20.019938898051034,27.006921963003695
408.3685286429082,196.50928594502548,430.08490344153284,835.2848463720201,30.0,0.4992442289374779,17.0044046423061,18.610849720055352
398.3120779181467,195.47271667721859,382.08945613848954,856.0942244882104,41.0,0.45059579077349315,9.819373788563059,14.878612419781538
390.72037636582854,188.7522177210583,563.67081418024,832.299149759081,9.0,0.4431380648774075,20.96014614612939,33.45844923455437
398.55003662656225,190.26338430931986,535.5863862283516,826.7525740125925,21.0,0.48940943025332506,22.66815200773199,26.84415485642767
398.3889598791463,194.80365503006882,426.05342933204395,840.9015940858441,29.0,0.45911303032585166,9.95335264682811,22.756669732606483
407.1006040323987,189.07075809210855,348.84633140693734,823.7603037045127,41.0,0.4879496570728127,14.691527095710327,17.442821360842103
406.53493536052497,187.47641257436507,619.0699689667279,851.9562488708266,0.0,0.4824787856277787,29.070761916344008,40.50047621070602
390.9080656293738,189.90029193648905,566.240398835412,836.67295853134,9.0,0.4765546750515861,18.90004886597254,28.398084225313717
400.45020362171175,187.5463442000097,540.9231265188934,830.0450132499868,20.0,0.40100906066890246,20.204176043680796,27.667254716661386
391.0380188717462,188.91118709496,419.4033815337102,850.2689894625685,31.0,0.4415943904581855,18.301559908619147,18.74212655075752
407.9208159931444,195.18026749138693,356.11254424356804,831.857543105368,39.0,0.43709410081577654,11.236035609238233,17.395341357559357
409.6971680552495,194.5424825968208,544.7278080411169,844.6255133597855,9.0,0.4380689681160866,19.736510377606002,34.7173066613614
390.4134273778381,189.6901964679831,522.7038520526208,831.7538696981137,20.0,0.44818674792746166,20.234438080725575,27.126160544561408
402.64318998372914,188.29941372267942,429.40366789773583,852.2292741280361,31.0,0.4508890555591056,10.342352355937809,25.589076102703157
406.5501263974644,193.97209381909636,374.5730654293999,839.4686457525247,39.0,0.4122030494321849,13.699621011653855,20.31039024963214
396.8920816889512,187.30857904308073,592.0758119807365,826.6868178681558,0.0,0.43356104542698426,31.753533614783457,43.70934374578308
404.0233972318052,194.2705676161539,551.4829117761028,858.8836266843408,9.0,0.43119840203264187,20.926501764988515,28.91854122052434
397.74474542356194,196.06572210672164,502.64247459924024,852.2868505236498,21.0,0.40114179834540736,21.293539498242076,28.117121543991935
398.7532265629641,189.34973404995952,435.1948404017353,853.6851256806234,29.0,0.4534290551893676,17.5417562936232,18.081757921037006
396.1766884801468,191.82264361252192,350.73969435073604,859.4605335593234,40.0,0.45527070757185456,10.184831658539125,15.18276186368227
407.3059151781782,188.57273208179714,541.3915143683639,832.6018212784975,10.0,0.4672702994208898,21.27147249112055,31.391091875220834
402.49748199213997,192.71745983143748,535.3132150715309,857.2434824192504,20.0,0.4247510073140412,19.406636236755105,23.331460085348922
390.3959131669451,190.90682110985938,414.6571072199817,837.4662184182681,30.0,0.4334049965668769,11.114252783453754,23.100323986052928
391.36706400619914,194.83759842484108,357.43033298370824,838.3106751839705,41.0,0.46775409455035344,13.542593057256987,17.8617037465826
397.6288208282662,196.82049537015962,621.3944729183552,850.3394698596842,1.0,0.4198992138959437,28.506663076336814,42.84766875464468
392.0274579510632,189.77852776089713,540.0527643386341,838.2807571037803,9.0,0.4011480659749378,20.79048941119421,31.635754050105884
392.0624272481615,192.47784694383319,541.1583002816442,843.2198169642344,20.0,0.47045544280274454,20.143805582169975,24.91113422327697
397.9522475710574,189.64276263158638,415.213317548272,840.3215879023556,30.0,0.428746166489725,17.945511100891455,20.058594932675202
402.0727440111875,187.76979467064967,349.0233445541627,859.0569288338227,41.0,0.44303747496907936,10.807258753523326,16.252396809848552
391.841905064658,192.53379016126706,554.6652763530942,849.1516924396203,10.0,0.42508930456911026,20.78692157281903,34.40541018015851
402.20014834158974,190.12907394213647,512.8438501505626,844.9067313081081,19.0,0.41740816753114296,19.216228864407388,24.636543860664496
402.24516301523687,189.13085008684808,444.5622838386875,821.2672851689555,30.0,0.4625204769530442,10.351430397425275,21.432802928182443
402.5497314356856,190.8561351286565,383.45068557652877,842.6796029955906,41.0,0.49575810150838173,14.510942610856894,20.269886898898164
393.770812114985,193.7246049802503,629.0802781775577,825.0757240349175,0.0,0.47428249749063167,27.977550757503938,43.98286532779645
391.686026292227,195.07189318791188,563.4527850326036,853.6900924546728,11.0,0.4723447817850001,18.938027478637558,29.39668624326361
402.26583369774755,193.37688246895937,511.6808831992351,849.562108935125,21.0,0.4199270336466801,22.00460743091014,26.92703699473455
390.2749110802269,189.483762603698,415.5762593197266,831.8322531214789,30.0,0.4062526295742846,17.257112997756934,19.193666385515655
402.13463449434875,193.7287166859808,349.24596714144957,859.0596284070715,40.0,0.4884964308180588,10.15723121845578,16.368696252282152
395.6660952484986,194.86769503357127,544.8979262759636,841.544441861773,11.0,0.47379173933540253,20.166139281054186,30.18837521735628
397.42225876860255,196.20766608463356,525.3779563902971,842.5332777302285,19.0,0.48651933473978115,22.53830040362798,26.681203052577775
390.7001582961361,194.87373345005105,423.45357865996573,855.948916807289,31.0,0.47054608302834866,10.466225232785888,23.279389374777452
402.9864464915376,196.36280621468927,348.5602538643448,853.9897294938803,40.0,0.4785097714095708,15.1027800750353,17.845370769372366
401.8046531830179,191.07632857979655,608.7810216817545,822.1324509761067,1.0,0.42810380813810284,30.21431620554964,36.81377858211262
398.17554522458266,196.24026870425732,533.475224661965,841.6569755287444,9.0,0.4185646704901243,21.689721416953667,31.084644974008103
406.28251371182324,193.85134309874485,506.4172745364441,832.567497851838,21.0,0.4515005659709723,20.605486210487623,24.964393912379506
397.0757831747287,195.2855559790608,438.5717139327874,833.3118332672299,31.0,0.49528150170025065,16.79706404626454,17.806030712172927
400.1126830684392,196.41120812533674,381.05277732569243,825.1027185033436,39.0,0.4077640775988781,11.084052254606155,15.894661665987098
400.4319879202272,194.94485633648492,564.3750618809188,834.7912568029059,11.0,0.44145160648167925,18.125216150551704,31.691590609578004
399.18378467465124,191.1109360888044,530.8771691006272,836.3921446888442,21.0,0.44296085921323636,21.81148603169837,26.6968766021571
400.63778158015026,194.89432194195192,418.87146728079404,842.6547844062908,30.0,0.4019128966437287,9.910049127874128,25.39092956977062
394.83073683403364,190.54271327217216,350.2138193792533,829.8944521899268,39.0,0.4211894330440109,14.2501893893982,17.715670344823238
394.8745896504868,189.67600798861707,603.4269533215623,850.9756181120464,1.0,0.4556878443172096,28.491832500021175,40.220185760789974
400.8181000767616,193.96429807036108,557.0858438472732,827.867756308218,10.0,0.43275521651801324,21.196078071417013,29.315564620964793
390.44282950945257,196.45114188756008,529.8650908486956,840.8281500092756,19.0,0.43372065755657524,18.998509320020247,26.687258545705255
394.12504227672304,190.91859373188026,442.82699110475113,829.1726553359588,29.0,0.4951442028725681,18.36218277322554,18.748382656930662
407.14617804721684,193.7324643935453,362.3247622730369,856.4247905696709,41.0,0.46886316293078756,9.886806557727247,14.783710429886398
404.46887324709826,192.35656599347578,562.4447081282899,853.8555345160278,9.0,0.44850946599795405,19.41185163768085,34.96661660272377
399.0258822605851,188.83442196403433,536.1989607824589,856.3023950708939,21.0,0.40133676832593956,20.43433470207551,25.625620131626803
390.3101666125318,189.80881965186245,415.3182543715756,822.6794171563836,30.0,0.43894049389788753,10.708700288104303,25.754589974759078
391.33129455828447,193.48318007452096,348.9642169029947,836.01875713866,39.0,0.49892177539577504,14.014846467328475,20.659904387013537
390.85675110238225,191.46386890263196,592.8001404853226,850.1693897165458,1.0,0.4706634263467596,28.252488398214627,39.73497258169606
390.9063855792179,190.4994493952964,566.1715360904824,836.169061487218,10.0,0.46616842883998566,20.93275534635494,26.022690635460364
406.08989284863645,194.72809573290337,523.9367665197425,823.6585330310509,19.0,0.4583713587731364,21.61378022653037,26.99397954091462
406.06004143915675,192.18008066404624,412.6129807277406,847.8462989351875,29.0,0.43866201726338344,17.965444135356794,17.778659035906358
397.81510304659275,188.58678873689684,356.3292407866464,845.2164703003035,39.0,0.4654132737027874,11.209386081795222,16.64832854129014
402.64782648656774,188.564767160036,547.9568488046441,849.655884478324,10.0,0.43862119928170307,20.435435819598496,30.960943324177236
401.99542629941,195.61513707226894,536.745585592937,849.9737762531815,21.0,0.4187920380815323,19.049356087963197,25.866465290496595
397.65597528872775,195.2183094658536,433.3804307456308,852.8496580216547,30.0,0.46923589224610585,10.118867655489458,25.618012538210877
402.7274856306675,190.2451180017534,356.7804744916909,828.6370634028657,40.0,0.4278457546373573,15.26824828120536,20.20902103445347
391.26280585854784,194.76790483407228,622.8659173184708,839.4609171035443,1.0,0.41877224056922524,26.594279152722272,42.42342244045706
397.366944275887,191.32346226403348,530.2459637117356,831.383057971002,10.0,0.4415240972334041,22.63154926167627,30.75331212749466
402.60079756959965,195.58120394251102,533.35089556069,838.1593972736356,20.0,0.4888118188934036,19.74508921033627,27.760939003849003
409.9231534699756,195.2541566412395,440.79485391020916,830.9603494443636,30.0,0.4706837855780541,19.02607728459175,19.53815974676563
408.06187455753076,196.33571083457647,378.05391967495234,847.97035368026,41.0,0.4997628297402157,9.862312689334287,14.883270010446097
398.22383035989174,188.30080669828948,529.8970355664823,835.4170730856595,11.0,0.44060118017061106,18.1270133784422,30.266108604579358
396.2439273643521,187.15742912995677,502.6859912766079,857.6641320656964,19.0,0.47623026245009603,18.891060025454063,26.568181507340988
402.3905240007261,192.6339535071264,431.98456192458127,855.5773298747346,30.0,0.43905936075817825,9.705253373743611,24.201497749419506
404.6600723925671,193.7612539758829,351.5374197331758,844.1536067214237,41.0,0.48684107879413824,14.451976124108667,18.492160642131214
402.3705411743637,193.33072653499514,608.7714090930316,838.7223744932169,0.0,0.46495089297074477,30.74438388989064,42.55521731607499
401.8631643807894,187.533479969889,547.1905737021065,847.9914520866964,11.0,0.4863641421296616,19.362265793644685,31.335072484781247
402.6328703016578,187.54390748522312,527.7702689460325,859.9699061657902,20.0,0.42752882134518605,19.05319727906566,26.398733279889296
401.98604232278876,188.7935601028924,435.20556582282256,839.2068796693462,31.0,0.4452911070267611,18.961630495120996,16.728298801498287
403.70790686892013,187.24966222120057,352.8573670684217,839.1431599969134,40.0,0.4685700542933644,11.253243112524935,16.845747416923114
409.07070195703017,195.81615639877998,552.3799918212316,854.3516780367531,10.0,0.49213075122129757,20.41409426997682,33.653487912797594
397.0984932175402,187.51989351977707,503.26975061491953,837.9334057661279,20.0,0.491567223226165,21.29410091667331,23.627011801638826
403.81359542296013,192.9677641996169,427.06302799671795,860.0474789995234,31.0,0.47374260857706774,10.166567521921207,24.9754358711823
409.9447579980721,187.30026005329393,381.89463463163725,845.9052213439463,41.0,0.46189915646985885,16.115570513680304,20.027360178536533
392.55873849023567,190.47507082425182,607.4157458470294,836.8384635499042,0.0,0.48525474212459707,31.518446481390853,37.41444444673745
397.71195185026664,187.71034889044003,537.4317240620012,830.1746310815068,10.0,0.4268562167453643,19.3241080486346,26.959428530607568
392.9455112710418,196.730767979123,532.3717002767389,859.7104586107824,21.0,0.4798293197209187,19.749031032624373,24.668830540845487
394.6501198441566,188.29678978224234,417.2585224406706,835.2127899389556,29.0,0.43024790291679266,19.054299004469545,17.129983350690445
407.9647612790647,194.7680333213989,349.05919821997253,860.4691640600339,41.0,0.4098582927022412,11.08497360698158,17.0674823993955
402.344376117558,188.55980863698935,548.1398446502385,852.2222410754886,10.0,0.4311689828515042,18.084613878689257,30.887400398072668
407.5081125024367,191.41746491637707,541.3693799693774,836.8283185429517,21.0,0.40569787269973684,20.471243478210088,24.6830716293263
404.50012152598237,192.7428757509021,433.68849348776723,852.0819714260703,31.0,0.41992459544083144,9.653498101940453,21.790139026991348
401.25110402546096,194.65160328816768,383.61676829202986,821.6329268798728,39.0,0.4489392537406589,15.525741980338358,18.951792192579518
399.6636172662734,195.382304210818,604.4561511626874,855.3917869924658,0.0,0.41232325757163246,30.130683503712156,40.11574619994735
400.277014691532,196.0329801437571,564.5953490589395,853.7142522262012,10.0,0.45677273179310546,21.33312075998014,28.820070892802214
402.8949049715364,189.2982672579762,524.1064907110699,835.8869302098759,21.0,0.4141223543373149,20.75003038970714,24.08228962667028
395.5728612623007,189.18709800323583,414.31351119475266,854.0284380624266,30.0,0.4603850982540278,17.666616744811417,18.555553484882292
397.42339032039064,194.85643103529128,356.1119377606309,858.555798401651,41.0,0.43374803256748984,10.877284641249862,16.630025631405765
396.7529860399847,196.88521647995447,530.0094938339306,831.1058412248515,9.0,0.4874071773305185,19.07467051420476,31.47553846579102
390.013067815226,195.70669034125518,533.7037925283654,846.0931574036272,19.0,0.4232055739701156,19.83347040448742,25.160491947266237
393.9901062985922,189.93949101016898,416.4833883406936,858.9401177287278,31.0,0.4291460913493794,9.998816948500913,22.31667073876543
408.1686910375875,191.68069054234292,364.65197651759274,851.4230256982113,41.0,0.44872653541000507,14.60261620422658,19.34787298131511
409.9911540650088,194.69448894082046,605.9146281206971,854.1021220909619,0.0,0.4674399651813982,30.503729772873093,37.09089240355609
402.93200887897325,189.26741184406944,555.8013015123026,839.7332074373526,11.0,0.4123400815205597,21.53055387695602,27.600446930285543
407.05963990661184,196.28383505636307,541.8559317471622,852.8402960970914,21.0,0.4449038767930126,19.38576225423024,23.385017878961627
404.4919657369526,188.11592999957247,431.3327800003109,832.2419900066756,30.0,0.4695624652354058,17.785482142783934,17.239017783062156
391.11050065618304,192.6846489850794,372.0606273331557,829.4312579741875,40.0,0.46773931298888727,10.536825634069274,17.796736383019912
397.7464503595063,187.6616518883444,529.7662194220501,854.0743424389101,10.0,0.4087548664027781,19.207729340772726,32.50199174279208
395.850328509525,190.3220557094732,513.7510362469757,822.6599666873232,21.0,0.42654964074290724,21.2739115499212,25.778572842160752
396.3509940051518,195.4810923501563,444.8864585160099,856.3942047078401,30.0,0.42774646797249544,10.156152473432362,25.73242710930084
390.20568991871386,194.16049973242144,374.2498465022105,845.9075816379919,40.0,0.47944808178535064,14.152818558551346,17.622000890192794
396.26326403659556,195.495342154879,593.5595885942539,860.6678429348981,0.0,0.4935484513527496,27.15850888534206,39.75967288147628
408.57261124230786,187.61808460689224,532.6944211244552,827.5116395682492,11.0,0.41504722710059977,22.96592080209308,28.572223109445215
400.0303592070033,189.46658615805407,520.8384100973893,847.4765453054805,20.0,0.4647516464843363,19.531282214289387,24.040769455197523
395.8853347327423,188.1479692725128,444.66131641137764,852.3682469746107,31.0,0.4212447277195473,17.969062106818814,18.01427238922118
398.04812518598624,195.84586888229614,381.82251392527354,857.3670105621434,41.0,0.4298857135259031,9.582678931392708,16.19351027645781
404.59423812994845,196.40220805571286,553.1518796771638,855.5254215094295,10.0,0.4173343052975281,20.023042794513128,30.50863072275179
403.6430632312327,196.49899668246076,507.48357832315025,850.3553252321017,19.0,0.4164405529078879,19.21421875630081,25.12245110535506
408.04826066572207,190.43957686557687,436.32000428890495,847.3464541975907,30.0,0.4105853235877909,11.412293192919117,23.65900362748365
403.99379818117416,191.10857091840495,368.4231923600419,858.7063670786653,41.0,0.42539377719236965,15.639325424309032,17.456806437326602
391.5132220780822,190.6154139875404,593.6867183388973,844.4031376882481,0.0,0.4067234180090561,29.52973541159307,42.74915208540555
390.64886892094376,193.58717638727023,550.2916750380582,825.1306003550019,10.0,0.47894922984240523,22.04227547082828,29.23381279656076
394.924883219412,191.23547915991895,533.7428261815521,822.2711393742929,20.0,0.4431233869791558,19.836046910423885,23.388796568622475
391.05530515719204,193.92011255946656,425.3171597773611,830.0608650414442,31.0,0.4574436755872206,16.139840737358917,19.03238099969609
407.9548713301945,194.45179495369615,349.0575944415779,856.8353672477064,40.0,0.4805714525668218,10.042613324219033,15.43629662701104
391.69376683750613,191.6669312088441,548.2852839567937,854.6363484161163,10.0,0.41826723842396685,18.632629051316957,33.54532986738164
405.2376722372489,194.81505647742182,513.0302961776513,829.1698703564867,20.0,0.46791991512011694,19.047677091600388,24.495549262390778
402.03364328036594,196.37108944919677,419.4720854782307,830.9908864978607,31.0,0.4656409603500657,11.620724527250239,23.842909300113913
404.2950655288789,187.68450452566017,362.7066798326798,825.6543394065799,41.0,0.47735721017307203,13.459447603748632,19.713900243576948
402.96471794764193,189.31480095912988,617.254120529654,858.6073276500833,0.0,0.44381767166663555,31.294113040327506,44.57205340433072
398.88230492992665,194.5002841214219,550.2664409505793,842.511317389655,9.0,0.4070108139641257,20.560089124810865,27.041954737047483
393.13625410633614,195.27302149737247,503.6766086686503,837.7673150360848,19.0,0.47101147663372794,18.805723292014076,24.762950745392413
409.37349211148717,189.62342966780946,419.5220058025259,854.4599396247213,31.0,0.49343041141674904,18.849143494971592,18.83669986096949
402.59641308869413,191.03210633183824,376.0959152921515,842.2517607340372,39.0,0.4780963863644435,10.188313811432666,16.20611676234467
407.87189172900264,193.5805498386122,529.3223641336848,858.7269929184514,9.0,0.4431301706341015,19.594226589298266,35.782721320473804
395.023385350968,195.44212325286142,521.3608229003762,841.5638177020504,19.0,0.4901583005287068,19.624681044649545,26.803319938968745
401.18810851454714,195.2848813389524,435.5138398344382,848.8678044574699,31.0,0.4395155297472305,11.105059694617406,22.823746723513104
403.42186314171954,195.0543004304598,383.87024978768966,837.0084910339868,41.0,0.4265928450632119,16.262364283836785,17.179821396909478
402.0705761300224,193.59505981651327,617.5218222829651,825.8155031515636,0.0,0.419809551672029,26.462751507174065,43.958893628545376
398.39697395372633,191.96895518500048,565.6776819280367,852.0516191006379,10.0,0.41709364024208484,20.65620811028376,30.366066482519297
407.95929293695576,187.84127662259382,517.7241563023761,825.009822548915,19.0,0.40523912955948616,19.067185096660427,24.855103623106466
391.5361488213856,189.3499427753469,440.2060393199167,858.9300615116032,31.0,0.4135459536794691,16.465533743903237,19.691326133837354
408.5292759591237,191.19627382806812,348.024898890763,822.5756733477127,39.0,0.40096868827409676,11.14454658910332,17.14773377512322
408.93512070347407,194.81615479196398,541.5482604820826,830.914934349137,10.0,0.45883522209831534,19.66910060836315,36.17087313146404
400.88397325007406,189.75239181037009,530.377554585359,831.8596801017085,21.0,0.4131965319623962,20.864867994595713,23.368960373980947
391.8639223912539,191.10495794060554,413.5334659235623,829.8712791276928,29.0,0.4226079071010563,11.293956483140914,25.577176558997525
391.9072184254601,191.50058639426226,359.49817115856916,855.8275382182976,40.0,0.42797459677690713,14.312378947532261,19.597974656900107
407.4126776296698,194.59086932555638,619.1011692090038,840.375647424034,1.0,0.4529940586930233,27.017285209219068,41.387486366794114
406.10864658599974,194.6016092979016,535.1559961877509,826.969978789659,10.0,0.4346558759816548,20.612406236793944,26.717266782208764
393.4258991564334,195.27356554826144,525.3935452675553,834.5012986353528,20.0,0.41934353429564825,21.039036337300583,24.465516629013138
407.7217221762703,195.95689944266616,418.89148817125306,830.1997501585296,31.0,0.46481050345341235,18.705410795062,19.4056292316765
392.82215188042704,192.45582121792066,350.2236618390656,822.8117857445231,41.0,0.4737950947397592,10.109786970694433,16.9514257651011
395.4128788396353,187.81229634806672,568.7032718195105,827.2480603172239,11.0,0.4117280147800445,18.7509521022139,32.06072748235961
405.2335175242732,192.07082424060266,527.5160749821184,860.406982203627,20.0,0.44343614981412177,20.587091278517235,25.481247399510124
403.3073041683781,192.0071092583667,432.7944489125992,821.9412997765639,31.0,0.46890876537482296,11.306632303732385,23.814658162287355
405.59033402848127,187.16200397339466,378.7352169911814,822.6055543634146,39.0,0.44922323151824084,13.90661660005918,19.557345262902746
405.6183871277218,194.91463540889518,614.0987932281382,841.4655433007606,1.0,0.41259551963793584,31.75716241336317,42.218525409883235
406.937744488579,190.24329377351518,556.0593499808242,844.7696730923439,10.0,0.476582903923491,18.922700679425215,25.99977606104511
397.56201539574903,188.43395370010893,502.7354456860639,839.5626675761802,20.0,0.42333328226493266,20.972851055453628,26.96998229304321
394.37427777813076,187.5994330086131,412.238949719767,845.239878690841,30.0,0.4044996821235424,18.214846381464927,17.757956793344793
399.57056739839044,196.28859549845566,359.27886018943383,839.6134773575794,39.0,0.46227322822928335,11.038055732681382,17.511127338419108
399.65426946153866,194.77455467182386,555.9138853395418,849.9701810999653,10.0,0.4295932029436616,20.737919091008543,36.11472039774968
391.00833547204417,195.90384320855267,525.0752480524484,843.556782670225,19.0,0.40693940859041833,19.1030674569259,25.392339964170933
396.8191714287112,196.1726806657768,423.26362149437887,826.7312583481056,29.0,0.429335342144101,10.674098932823917,24.481792419729352
408.0052822240414,194.92191194801677,373.054442714909,848.1853272958058,40.0,0.4581195423720957,14.080268515432582,19.95304488733664
391.6333455172019,196.24287070794662,603.0329384308194,826.1109861115996,1.0,0.4016243443209454,30.305997603595955,39.36000816588161
403.30111978013264,192.56578428502152,542.7092370171163,826.3830506841643,9.0,0.48315183331122236,22.757269676742542,29.745175758110594
392.06868229720965,191.0202721688824,531.1575680042063,852.1928353604027,21.0,0.48912000730636024,18.469790425822623,24.78881458381492
401.0871336243274,188.48217462099325,410.6839501679836,853.6110532436225,29.0,0.4957631646272588,17.628792428134243,18.393044150149933
391.7011277097848,192.488728015426,361.19916315861576,845.2854112353431,41.0,0.4240299123450367,9.557527772475023,15.783302661362402
391.93289668575505,188.76896950823985,568.4934463431819,838.7641422762647,9.0,0.40876498361946534,18.336300030933355,35.62583070762885
399.2762849945536,190.2002731656239,521.0584508495759,833.7321637876939,20.0,0.4672507262673649,21.56828181067972,23.970261905684968
392.66419848273256,193.3239625646551,412.13303448755056,844.1397003291733,29.0,0.42567434963097583,11.26589920230175,23.201166606879287
409.8936833039297,187.92500437938963,377.21391450960635,847.9480693416863,39.0,0.4284541385676934,14.64126583817203,19.424534165051178
406.9991866100641,188.96245716706164,595.0219915959391,859.539197898973,1.0,0.44784910701071895,29.47592737208598,41.1376152746047
391.72064314065886,187.5702691400362,533.2193370984414,844.4235073549045,11.0,0.4066693881405449,19.10198770373055,27.699761266832873
408.65089178704903,192.23213054970876,512.8714606432052,836.9666717804408,20.0,0.46529496581378427,19.043838634031648,28.151942817442208
400.8954445396558,188.35688317792278,442.7454101338453,823.9855372431772,31.0,0.4466181591127557,16.32097775487231,19.079975988581783
401.12929274697643,190.5862158195359,382.45356760314525,821.8373647130693,39.0,0.49751799759755083,11.093065061721084,15.744291387887095
409.33095033104166,193.28119531243573,566.2256990540784,848.044201032574,10.0,0.44122797278316656,21.825875340601016,31.393809092077746
392.4089467999313,192.84543113259457,540.7728724913671,836.1135685490875,20.0,0.44667280937679504,19.048320405361707,23.227609451935088
391.2220933523926,191.99302946014325,411.2534918939291,825.5655987723853,29.0,0.48726550721760553,10.51823193162734,25.83814306120447
390.0037305634133,193.13979456273393,370.6571270948748,839.2977222347955,40.0,0.40614462901307874,15.739248544105239,20.652153005130213
402.9753077231877,196.5456592885881,596.0572925747986,840.0966475792142,1.0,0.45252584187815836,26.726565899572318,43.80426144986426
395.94723062616947,188.62537987468707,556.0248523839298,822.5234520239728,11.0,0.46981984306765,19.80264943182422,26.23438448821043
397.272907178389,187.98594230241937,506.6591139869335,831.1704492577945,20.0,0.4529970341021421,21.18997959547833,26.17684263607275
392.96720674579035,188.72086032452626,442.1507699917166,843.3340926025645,31.0,0.4432771484341819,17.732965788082122,16.8016973061621
408.7913717805033,194.55133617445196,369.4649567313465,854.1375468375596,40.0,0.4315010372376732,11.00613228105451,17.752953848930627
397.19588187090596,190.06972282209017,536.8078865828753,848.1396467460232,11.0,0.48751336186211525,21.97129604241215,30.90663048145511
404.4413212840757,187.40285518777998,518.2169130055662,841.6513319679069,21.0,0.4995637833594808,18.772674534424446,26.856635007901506
392.9828165187947,194.85925276208914,431.7172623938519,834.6738914199237,30.0,0.40861321390636807,11.287757519166849,22.515376684517154
392.64359315507744,191.39855639713835,371.75826317790455,836.238073800939,40.0,0.4127096240218439,13.889658159203222,18.82562214927886
405.0425739908714,196.055388379289,623.4149012113699,828.8755148710273,1.0,0.4826340810950187,29.490050686038128,39.60131957373726
405.9956672889157,192.54687024788367,562.0372923420007,846.2583517033208,9.0,0.44453865259778724,18.961182049955372,27.420980939009002
407.3258487196436,188.6462842825867,518.6049975813888,821.57323623468,19.0,0.4571607649482944,19.170358724399225,23.436277680395158
402.08718639429543,194.6369226935032,427.9360548368803,830.0709050127858,31.0,0.4373808108867003,17.83614825977073,16.55126695694945
392.859217552015,194.42293538170262,355.76646434864614,844.92036469315,41.0,0.48548057787992616,11.34102383647302,17.647325179597484
395.4123998938719,188.94162869046082,547.9773957448294,821.2933660334472,11.0,0.40711556788779096,20.376645252303216,33.47624975165872
407.5606702568891,192.57873675660073,540.391640816194,822.9477939359972,21.0,0.4777811244458451,22.151575381883397,26.894958136487325
400.4979997345168,191.51193191450724,420.21565894662467,844.5685845739142,29.0,0.4077187530226468,9.918840143517277,21.792908188785923
392.46567558597894,192.18561688665733,355.833897699736,835.3255886611657,41.0,0.46907263151132633,15.48766479032398,17.26030947420854
408.561035004577,187.91140639444677,601.4360213508481,847.8955925119482,1.0,0.4670434333796918,29.80198591938112,40.072036689596835
399.79288152064066,191.1544300059209,529.9602017937956,834.4148642486984,10.0,0.4988539987045707,19.07399797304143,31.58202861265765
400.997283567288,196.63159027065066,506.5901439765534,840.6163407674205,19.0,0.40969656709654245,19.146597460410963,27.22922219282394
403.5509161036755,192.46928875985478,426.0035949146707,857.897371346245,31.0,0.4437051521842188,17.84455404384273,18.88087572665466
406.8751008797459,190.2492279440664,373.4918225033007,859.4646322818467,39.0,0.4224657397641767,10.190611766814383,16.09390766554088
409.56441337053116,188.808919013789,560.9663188441913,834.3677085669244,11.0,0.4272650647312485,21.009953472157513,32.194970382317145
400.4376865631589,187.67973299819403,509.24902244198836,859.2878785407694,21.0,0.4139987376721763,20.459636880092628,25.131873130142242
398.05478969493663,192.1961167580301,446.86105235194475,826.4086925485142,31.0,0.43960009663856153,9.840512812879165,21.942650155493
408.9854621249123,195.79601496711763,382.28167841660087,860.6613110330954,39.0,0.43543771829861355,14.225982131155035,19.8564190501311
404.0145104256853,192.89020090980912,627.5465925317349,834.9941753672342,1.0,0.416145783406424,28.816204098256872,41.23632969387238
401.4057387746278,189.10107192912352,558.6908556900914,822.0079637928428,10.0,0.44730275033430206,19.08192414766811,30.03138475707527
396.6112200461258,194.4473672782921,518.4961224187147,828.8302242562249,19.0,0.44881776753108144,18.958981258231507,24.473251711930875
398.3819894583417,192.9929928700639,427.54831420861217,832.5273810383812,30.0,0.4415514063062066,18.81989251102491,17.39577707995879
391.8261760508934,190.18689603990524,350.1870388214213,826.143859438422,39.0,0.44716494907505955,9.550157742979648,16.801985308392716
401.0106336119245,191.07365524212832,549.8550808589497,856.8629863387604,9.0,0.4022564511705347,21.532446176951588,33.54958968041928
